CGPA,GRE,GMAT,TOEFL,Conference_Published,Journal_Published,Mini_Projects,Internships,Research_Articles,Accepted
7.49816047538945,336,649,97,1,1,1,1,2,0
9.802857225639665,301,799,107,2,1,4,0,3,0
8.92797576724562,305,535,83,2,2,0,2,4,0
8.394633936788146,313,786,86,2,0,1,0,2,0
6.624074561769746,308,707,114,1,0,3,2,1,0
6.623978081344811,297,605,88,2,0,4,0,2,0
6.232334448672798,320,657,87,1,0,0,2,1,0
9.46470458309974,310,620,96,1,2,2,0,3,0
8.404460046972835,306,554,96,0,2,0,1,2,0
8.832290311184181,312,511,112,0,2,2,0,2,0
6.08233797718321,326,644,111,2,1,4,2,3,0
9.879639408647977,305,635,87,1,2,2,0,3,0
9.329770563201688,295,502,98,0,0,3,1,0,0
6.849356442713105,297,643,117,2,1,5,0,3,0
6.7272998688284025,314,529,82,0,0,2,2,0,0
6.733618039413735,307,736,84,0,0,3,2,0,0
7.216968971838151,314,778,92,1,2,5,1,3,0
8.099025726528952,301,614,110,1,2,4,2,3,0
7.727780074568463,304,603,95,0,0,4,0,0,0
7.164916560792168,315,617,111,0,0,0,0,0,0
8.447411578889518,330,504,101,1,1,3,0,2,0
6.557975442608168,334,747,108,2,2,3,2,4,0
7.168578594140873,315,620,101,1,1,1,0,2,0
7.465447373174767,336,785,82,0,1,1,0,1,0
7.824279936868144,321,648,89,2,1,5,0,3,0
9.140703845572055,299,583,100,0,0,5,1,0,0
6.7986951286334385,305,730,95,2,1,1,2,3,0
8.056937753654447,296,787,91,0,1,5,2,1,0
8.36965827544817,306,660,81,2,0,2,2,2,0
6.185801650879991,312,771,103,2,2,1,1,4,0
8.430179407605753,315,537,114,0,2,3,2,2,0
6.682096494749166,310,725,109,2,1,2,1,3,0
6.260206371941118,311,641,109,1,0,5,1,1,0
9.795542149013333,296,791,114,0,2,4,2,2,0
9.862528132298237,303,650,98,1,1,0,0,2,0
9.233589392465845,304,613,87,0,1,1,0,1,0
7.218455076693482,296,736,105,2,0,4,2,2,0
6.3906884560255355,298,565,119,2,1,5,2,3,0
8.736932106048627,337,757,86,2,2,3,1,4,0
7.760609974958405,297,748,109,0,0,0,2,0,0
6.488152939379115,339,679,86,1,2,4,1,3,0
7.980707640445081,312,689,82,1,2,0,2,3,0
6.137554084460874,318,653,80,0,2,1,0,2,0
9.637281608315128,307,695,115,0,1,5,0,1,0
7.035119926400068,320,761,104,1,1,3,2,2,0
8.650089137415929,319,642,116,1,2,5,1,3,0
7.246844304357644,328,600,80,1,2,0,0,3,0
8.080272084711243,324,743,94,1,0,4,1,1,1
8.186841117373119,307,511,116,0,0,1,2,0,0
6.739417822102109,331,738,92,0,1,1,2,1,0
9.878338511058235,328,548,119,2,1,5,0,3,0
9.100531293444458,306,541,87,1,0,4,2,1,0
9.757995766256757,303,665,84,2,2,4,0,4,0
9.579309401710596,320,581,88,0,1,0,1,1,0
8.39159991524434,313,790,80,0,2,5,0,2,0
9.687496940092467,324,657,115,2,0,5,0,2,0
6.353970008207678,333,715,114,1,1,2,1,2,0
6.783931449676581,334,657,81,1,1,5,0,2,0
6.180909155642152,323,633,119,1,0,1,0,1,0
7.301321323053058,292,566,102,1,1,0,2,2,0
7.5547091587579285,326,506,88,2,0,4,1,2,0
7.085396127095583,332,513,113,2,1,5,0,3,0
9.314950036607717,329,572,93,0,0,0,1,0,0
7.427013306774358,315,662,83,1,1,5,1,2,0
7.123738038749523,312,565,109,1,2,4,0,3,0
8.170784332632994,333,629,110,1,2,3,2,3,0
6.563696899899051,328,705,117,2,2,4,1,4,0
9.208787923016159,304,775,90,1,1,4,0,2,0
6.298202574719083,338,755,114,2,1,4,1,3,0
9.94754774640207,293,765,87,1,2,5,2,3,0
9.088979077186629,318,524,82,1,2,2,2,3,0
6.79486272613669,311,780,93,0,0,4,2,0,0
6.02208846849441,314,752,92,1,0,1,0,1,0
9.261845713819337,302,788,111,1,0,1,0,1,0
8.82742937539047,307,663,113,0,2,0,2,2,0
8.91602867216395,322,594,98,2,2,2,0,4,0
9.085081386743783,305,769,117,2,2,0,2,4,0
6.296178606936362,334,609,95,1,0,1,0,1,0
7.433862914177091,331,737,81,2,1,1,2,3,0
6.463476238100519,333,524,119,1,2,3,1,3,0
9.452413703502375,291,640,96,0,1,4,2,1,0
8.493192507310232,324,616,113,0,1,1,2,1,0
7.323592099410597,331,524,95,1,1,5,0,2,0
6.254233401144095,323,578,117,0,0,5,0,0,0
7.243929286862649,319,567,81,0,1,0,0,1,0
7.300733288106988,302,672,81,1,2,0,0,3,0
8.918424713352255,302,511,105,1,0,4,0,1,0
8.550229885420853,307,787,92,0,2,4,0,2,0
9.548850970305306,321,627,110,2,2,3,1,4,0
7.888859700647798,321,595,113,2,0,2,2,2,0
6.478376983753207,324,591,118,1,2,0,2,3,0
8.85297914889198,328,640,82,1,2,4,2,3,0
9.04314019446759,335,530,87,2,0,0,1,2,0
8.245108790277985,318,519,102,0,2,4,2,2,0
9.083868719818245,338,645,93,2,1,1,1,3,0
7.975182385457563,318,659,106,2,2,0,1,4,0
8.090931317527977,333,542,108,2,1,1,1,3,0
7.710164073434198,305,753,118,2,2,0,2,4,0
6.10167650697638,333,629,118,1,0,2,1,1,0
6.431565707973218,336,559,80,1,0,3,2,1,0
6.125716742746937,299,650,96,0,2,5,2,2,0
8.545641645055122,319,786,109,0,0,5,0,0,0
7.257423924305307,314,504,92,0,2,5,0,2,0
8.034282764658812,328,765,100,0,0,1,1,0,0
9.630265895704373,309,629,98,2,1,4,1,3,0
6.9971689165955,294,766,98,1,2,5,2,3,0
7.641531692142519,290,677,104,1,1,2,1,2,0
9.022204554172195,319,752,101,0,1,5,1,1,1
6.91519266196649,338,555,110,0,2,0,2,2,0
6.3079196393151715,292,582,96,2,1,1,1,3,0
7.1590058116550725,334,598,102,2,2,0,1,4,0
6.644885149016018,303,648,111,0,1,0,2,1,0
9.718790609370291,319,655,89,1,2,0,2,3,0
9.232481518257668,339,689,89,1,2,3,0,3,0
8.533615026041694,293,762,115,1,0,3,2,1,0
9.48584236075087,307,579,87,0,2,4,0,2,0
9.214688307596457,326,751,99,1,2,1,1,3,0
6.746280235544143,314,596,111,2,1,2,2,3,0
9.570235993959912,337,759,93,2,2,2,2,4,0
8.157368967662602,290,759,107,0,0,2,2,0,0
9.22976062065625,335,602,103,2,1,0,1,3,0
9.584365199693973,304,539,94,0,1,3,0,1,0
7.2720138998874555,298,772,101,1,0,1,1,1,0
6.440207698110707,304,600,109,1,1,0,1,2,0
6.911740650167767,338,720,83,1,1,3,2,2,0
7.708431154505025,313,623,92,2,1,3,0,3,0
9.272059063689973,293,730,102,0,1,5,1,1,0
9.442922333025374,301,677,87,1,0,5,2,1,0
6.027808522124763,326,562,97,0,0,1,1,0,0
8.042989210310264,326,615,91,1,1,1,1,2,0
7.669644012595116,332,690,110,2,1,1,2,3,0
6.888431241882921,295,561,93,2,0,0,2,2,0
6.479461469334732,328,755,113,0,0,4,0,0,0
7.350460685614512,335,506,97,2,0,1,1,2,0
9.771638815650077,313,654,113,2,1,5,2,3,1
7.292811728083021,300,591,90,0,1,4,2,1,0
8.075162486973465,302,513,91,1,2,0,0,3,0
8.81207583558071,323,728,94,2,0,4,0,2,0
7.454518409517176,314,585,110,0,1,2,2,1,0
9.887128330883844,296,632,108,2,0,4,0,2,0
9.849789179768445,293,682,105,2,1,1,2,3,0
7.007129183301457,297,561,97,2,0,0,1,2,0
7.988994023569542,309,718,111,2,1,1,0,3,0
7.203513239267078,318,745,101,0,2,5,1,2,0
7.1393619775098704,334,729,117,0,2,2,1,2,0
6.147547789418131,335,578,96,0,0,5,1,0,0
8.438257335919587,299,648,102,2,1,1,2,3,0
8.010716092915446,332,637,103,2,1,1,1,3,0
6.205915004999957,323,564,87,2,0,1,1,2,0
7.114585856946446,315,512,85,0,1,3,1,1,0
9.633063543866616,330,712,84,2,0,2,2,2,0
6.958247562667889,338,741,108,1,1,1,1,2,0
6.579579488364892,292,712,107,2,0,1,1,2,0
7.9578110411102525,295,680,90,1,1,5,0,2,0
9.942601816442403,294,672,80,2,0,5,2,2,0
6.968221086046002,294,659,98,0,1,1,1,1,0
8.688542189623515,336,663,88,2,2,0,0,4,0
9.04647846131487,312,687,106,1,1,3,2,2,1
6.950550175969599,338,690,113,1,0,5,2,1,0
8.912865394447438,298,755,83,2,2,0,2,4,0
7.4711325308770125,324,682,115,1,1,3,2,2,0
8.529223322374317,309,616,97,1,2,1,2,3,0
8.53411884304358,338,781,94,0,1,2,2,1,0
8.143098736299034,331,695,92,2,2,4,1,4,1
6.361159080217633,324,533,98,2,0,4,1,2,0
9.341209982356952,339,551,85,2,1,1,1,3,0
7.283120259886943,307,611,91,1,1,5,1,2,0
6.746074041599417,306,751,116,2,0,0,0,2,0
6.163100566219056,313,581,96,2,2,2,1,4,0
8.363571772752968,292,731,102,0,0,3,2,0,0
8.71025744736913,321,726,105,0,0,1,1,0,0
6.066351315711424,324,732,108,0,2,2,1,2,0
8.048372233197124,327,720,112,1,0,2,2,1,0
6.905983100791752,302,541,106,2,1,5,1,3,0
8.5806911616378,336,520,104,0,1,3,1,1,0
6.697465716019966,314,541,89,0,1,2,1,1,0
8.763750952409865,298,612,102,0,0,5,0,0,0
7.54694138520215,293,604,100,2,1,0,1,3,0
9.746919954946938,303,691,100,2,1,5,2,3,0
6.550083776583973,326,516,92,2,1,0,2,3,0
7.364265404201034,323,619,116,1,1,0,1,2,0
6.453894084962356,300,628,112,1,1,2,1,2,0
9.698774473114252,330,629,103,0,1,5,1,1,0
9.509357413523924,292,559,90,2,0,0,2,2,0
7.031766510860622,317,547,96,0,1,3,2,1,0
8.639936184136715,318,528,83,2,1,2,0,3,0
9.268888800804863,298,596,104,2,2,5,0,4,0
8.22080324639785,292,509,109,2,0,5,0,2,0
8.118602313424025,314,741,88,1,0,4,2,1,0
6.967409163601807,323,731,100,1,0,5,0,1,0
6.372411071223597,301,776,99,2,0,2,1,2,0
9.588863031813307,331,783,98,0,1,3,1,1,1
9.601672228653321,298,702,98,2,1,5,2,3,0
8.532405829093072,304,746,91,2,2,4,0,4,0
7.356119164194803,329,789,116,0,2,2,1,2,0
7.396838298450644,314,763,96,2,0,0,2,2,0
8.903822715480958,294,713,116,0,2,1,0,2,0
9.58844103981031,300,699,118,1,2,1,1,3,0
9.54834569706047,323,578,107,1,0,0,0,1,0
9.119502183430495,313,672,114,0,0,5,2,0,0
8.56812658461715,304,568,97,1,2,1,0,3,0
6.336559859980195,327,586,93,1,1,1,2,2,0
6.646514856378455,297,600,114,0,2,0,0,2,0
9.594216754108317,294,507,86,1,2,5,1,3,0
8.42571623863836,337,699,92,2,1,5,2,3,1
6.036788206466518,315,586,97,2,1,0,2,3,0
6.405886171464129,307,542,116,0,0,5,2,0,0
8.654007076432222,295,608,92,1,0,5,0,1,0
6.020246335384875,326,651,115,2,2,2,0,4,0
6.643232205669994,337,516,110,2,1,2,1,3,0
8.194935157466345,302,632,81,1,0,0,2,1,0
8.767580790770772,317,647,95,1,2,3,2,3,0
8.607845038010403,294,776,88,2,1,1,0,3,0
6.89707723784224,302,731,88,2,2,2,0,4,0
8.848716885390143,306,727,117,0,0,1,1,0,0
6.9489963499872,339,638,90,0,0,4,1,0,0
7.301598792637071,329,710,101,2,1,0,0,3,0
8.985965620472097,334,527,112,0,2,3,2,2,0
8.59853159618886,321,550,115,2,1,4,1,3,0
9.396893641976712,318,760,102,2,0,4,0,2,0
8.630451569201373,292,760,113,0,0,5,0,0,0
8.273234413341886,329,507,88,0,2,4,2,2,0
6.37469907131237,323,637,103,1,2,0,0,3,0
7.4708632122377345,329,537,87,1,2,2,0,3,0
7.060809470726902,316,610,86,1,1,0,1,2,0
6.975958573516334,302,719,115,2,2,2,0,4,0
9.892042219009783,334,722,97,0,2,4,0,2,0
7.572390898667042,322,635,82,2,0,4,1,2,0
9.568186220708453,295,755,107,0,0,3,2,0,0
8.524554503989052,313,548,85,2,2,2,2,4,0
9.179245214166594,308,791,100,1,2,4,1,3,0
8.010548372420768,305,577,107,1,0,5,1,1,0
8.307615538505436,329,604,119,1,2,1,2,3,0
7.970070775275456,317,668,80,2,1,3,2,3,0
6.780971951192178,322,716,115,0,1,0,2,1,0
8.889808461046021,337,618,100,0,1,3,2,1,0
7.123089449763423,330,689,114,1,2,1,2,3,0
6.097263865725815,302,754,92,1,0,2,1,1,0
8.581889183628672,332,765,89,1,2,0,0,3,0
6.708442717628196,334,648,89,1,2,0,2,3,0
9.761834337411656,314,663,92,0,0,2,2,0,0
9.81571430801035,331,639,116,2,0,3,0,2,0
9.659457560881794,325,757,117,2,0,4,0,2,0
7.480634801021777,316,768,103,2,1,3,0,3,0
6.06182646611547,327,680,81,2,2,1,0,4,0
9.713274250350901,296,659,101,1,0,5,0,1,0
7.712736593269257,294,787,96,1,2,4,0,3,0
9.866619276174678,332,787,115,1,1,3,1,2,1
9.85447990835701,334,725,93,2,1,5,0,3,0
9.41203782186944,320,510,89,1,0,5,0,1,0
7.177795568278343,312,509,114,1,0,2,1,1,0
7.540390914407701,331,770,104,0,2,1,0,2,0
9.404546686067427,299,772,82,0,0,1,2,0,0
7.26768802062511,321,682,117,1,2,1,2,3,0
6.67797098674437,332,652,96,0,0,4,0,0,0
8.227205049833401,319,623,91,0,2,0,1,2,0
9.744619096643124,328,613,103,1,2,4,2,3,0
8.784119186699892,320,777,108,1,2,3,1,3,1
8.280244680357459,307,712,104,1,2,5,2,3,0
6.388705975083074,325,671,115,1,1,5,0,2,0
8.46002890679668,291,787,105,2,2,0,1,4,0
9.960215400417052,303,673,117,2,0,3,1,2,0
6.560336060946096,302,612,80,1,1,0,1,2,0
8.073318609454947,318,621,99,0,1,5,2,1,0
9.509492287711822,301,531,107,1,2,4,2,3,0
8.963074471016817,328,721,95,1,1,1,2,2,0
8.788062963981073,291,618,96,0,2,5,0,2,0
8.809936335948438,321,538,119,2,0,2,2,2,0
7.437964604879021,302,767,107,1,2,1,0,3,0
7.1743673770579734,335,732,91,1,1,5,1,2,0
9.237444621914054,316,517,106,2,0,4,1,2,0
9.240453578716723,338,648,109,2,2,0,0,4,0
9.468289274320416,330,648,113,0,0,1,2,0,0
9.652962210225885,306,625,116,2,0,4,0,2,0
8.045369595443752,329,737,85,2,1,3,1,3,0
8.006065178748798,320,634,86,2,0,2,1,2,0
9.1931807158671,323,650,111,0,1,1,0,1,0
8.59985572311106,313,735,111,2,0,0,2,2,0
8.807867509030814,334,723,104,2,2,3,2,4,1
9.183170677744403,324,702,112,0,0,4,0,0,0
9.560021367270265,337,755,86,2,2,2,0,4,0
7.351980627406143,295,585,91,2,2,0,2,4,0
7.502331810559776,308,649,95,0,0,4,1,0,0
6.375927759363476,319,734,95,1,2,4,0,3,0
8.313120563984697,296,521,115,0,0,1,2,0,0
6.143769095186968,299,784,92,2,0,1,2,2,0
7.862392072529841,330,768,86,2,2,0,1,4,0
8.170578538830306,321,757,115,2,2,5,1,4,1
7.146165008513138,323,528,88,0,1,5,1,1,0
8.363333042276043,317,712,111,2,2,4,1,4,1
6.122000999756198,304,782,90,2,1,1,1,3,0
6.149392754996858,319,549,87,0,2,2,0,2,0
9.290402242638633,326,594,112,1,0,2,2,1,0
7.440762565645052,318,587,102,1,2,4,0,3,0
6.508242050607539,311,543,104,2,0,1,0,2,0
8.088973040219217,293,777,87,0,0,0,0,0,0
9.079974212394443,309,670,101,2,0,0,0,2,0
6.863284109987372,321,688,83,0,1,0,0,1,0
8.491561903276,325,683,119,0,2,2,1,2,0
6.341389859975072,339,502,82,1,0,1,1,1,0
6.206726884674431,293,690,108,1,0,1,2,1,0
8.125418526272592,316,617,108,0,1,2,0,1,0
8.162540486440426,306,518,113,2,2,0,2,4,0
8.549719605992827,301,522,113,1,2,0,1,3,0
8.904365334890645,311,529,107,2,1,4,1,3,0
9.903408317850138,306,794,92,1,1,5,1,2,0
8.06520139320478,299,607,94,1,2,3,0,3,0
7.291825891764984,290,780,102,2,1,5,0,3,0
9.180744779074814,311,627,105,1,2,1,1,3,0
7.083329005048297,315,728,83,1,2,1,2,3,0
7.755885682822544,307,610,105,2,0,1,2,2,0
6.313825525369063,339,635,119,1,0,5,1,1,0
6.1014029736618305,303,685,88,1,2,3,2,3,0
9.8505936587117,336,643,84,1,2,4,1,3,0
9.343920482048823,318,571,111,2,2,5,2,4,0
8.783896824374793,301,628,99,0,2,3,1,2,0
7.6358117776570795,325,760,90,2,2,0,2,4,0
6.693177280283383,324,502,94,0,2,0,0,2,0
6.625748170684345,301,603,111,1,1,1,1,2,0
7.000971592658381,296,723,107,0,2,2,1,2,0
8.196906658824481,318,509,101,2,1,1,2,3,0
8.858383690800249,300,730,96,2,1,2,1,3,0
8.640789506870926,322,718,105,1,2,3,1,3,1
7.119735587783771,295,565,86,0,2,0,1,2,0
9.819461122652775,336,611,105,1,1,5,0,2,0
8.951587666783073,304,512,104,1,1,2,0,2,0
8.217416210045602,321,585,89,2,2,3,2,4,0
8.446882984937409,300,733,98,0,2,0,0,2,0
7.67840024971116,312,589,90,0,1,5,2,1,0
6.99092395800463,315,553,92,0,1,2,0,1,0
7.423890714605046,323,511,87,0,1,1,2,1,0
9.031384441857476,335,708,119,1,0,1,0,1,0
6.0575739545190235,323,513,83,1,1,1,0,2,0
6.464290562027665,318,620,110,2,0,3,2,2,0
6.184010568087011,293,519,107,1,2,1,1,3,0
6.16291520927588,306,574,90,1,2,4,1,3,0
9.42184233604403,324,742,80,2,1,0,0,3,0
8.814631437520095,302,722,117,2,2,3,2,4,0
7.896695316349301,330,569,103,2,2,5,1,4,0
6.391336642604006,328,710,110,1,2,1,2,3,0
7.966463500467329,304,600,105,1,2,0,1,3,0
7.893887083122262,318,685,84,2,0,2,2,2,0
6.692807479640061,318,631,99,2,0,1,0,2,0
7.735406596951892,300,610,90,2,1,0,2,3,0
7.594018937589494,321,631,112,1,1,4,1,2,0
8.463400392208866,291,519,117,1,1,2,0,2,0
8.540374603470575,336,523,106,0,2,4,2,2,0
6.181216039088178,303,726,113,1,2,5,1,3,0
7.498450458505885,309,653,94,1,0,0,0,1,0
8.503439662856945,311,792,111,1,0,4,2,1,1
8.01254503432035,300,729,100,2,1,5,1,3,0
9.42595936475329,316,701,84,1,0,0,2,1,0
8.63477452647578,292,537,85,2,0,0,2,2,0
6.651737708325719,306,759,117,0,0,4,0,0,0
6.282274989601719,333,687,101,0,0,0,0,0,0
8.569677112825262,317,556,97,2,0,1,1,2,0
6.106045242166488,318,519,93,2,1,0,0,3,0
8.343102325093852,310,772,89,2,1,3,1,3,0
9.76092096569983,336,618,92,1,0,5,2,1,0
8.301896711503517,305,570,110,0,1,0,2,1,0
7.552679704826088,326,503,109,2,2,3,1,4,0
8.573152873769413,309,720,82,1,0,0,2,1,0
7.8330115619660665,295,513,109,0,2,0,0,2,0
8.18246715726374,308,502,85,1,1,4,2,2,0
9.7658592351061,294,715,108,0,1,1,0,1,0
7.544410551203097,292,728,87,1,2,5,1,3,0
9.844762255295656,290,685,112,0,1,1,1,1,0
9.621402567824255,327,554,96,0,0,2,2,0,0
6.783164539157186,304,753,90,1,2,4,2,3,0
6.277445203500662,323,523,92,2,0,4,0,2,0
6.403112005509707,324,661,90,0,2,1,0,2,0
6.072887302606199,338,657,110,2,1,4,2,3,0
6.377771843023714,314,581,107,1,2,1,2,3,0
8.732027093665428,313,658,85,2,2,4,1,4,0
6.2847545938409155,301,687,95,2,0,0,1,2,0
7.275902521175045,307,559,83,2,1,1,1,3,0
9.379501243877819,304,710,114,2,0,1,2,2,0
6.093087742943304,333,651,105,2,1,3,2,3,0
9.257873930355743,305,608,91,0,0,4,2,0,0
7.1274190990936,316,575,90,0,2,4,1,2,0
6.472659310486625,297,529,116,0,0,1,2,0,0
8.786948661456602,335,616,104,1,1,0,0,2,0
8.515771387119536,314,691,97,2,1,0,2,3,0
9.509888054108211,306,518,98,0,2,5,2,2,0
8.940284175215544,318,672,102,1,1,0,2,2,0
9.213923721539395,297,727,117,0,0,4,2,0,0
7.128138290285226,304,682,97,0,2,3,2,2,0
6.709758175118891,316,612,105,2,1,1,0,3,0
9.002459006563434,335,682,85,1,1,2,0,2,0
9.227338957069056,339,645,83,2,0,3,2,2,0
9.962020568002693,296,615,108,2,0,2,1,2,0
7.650470707645706,292,612,113,0,2,3,2,2,0
7.488072343171133,318,750,96,2,1,0,2,3,0
9.105651842967987,333,750,95,1,0,4,2,1,1
7.363214161012071,313,617,81,2,2,2,1,4,0
9.72302930241426,292,660,113,2,1,3,1,3,0
9.433651007372047,309,697,87,2,1,4,1,3,0
7.715976109500073,335,759,92,0,2,2,0,2,0
9.00348427116599,304,647,87,1,2,1,1,3,0
9.018171496338729,314,739,109,0,0,3,0,0,0
6.41249547534373,319,546,111,0,1,1,0,1,0
9.610211626718266,303,697,115,0,1,0,1,1,0
8.021009489791428,296,546,109,0,1,1,1,1,0
9.305829864430967,306,577,80,0,2,1,1,2,0
7.280198404122447,333,623,118,1,0,5,0,1,0
9.582092913984802,309,574,96,2,1,3,2,3,0
7.556806714936652,325,636,99,0,2,0,1,2,0
6.043350605921193,298,589,103,0,1,1,1,1,0
9.621527905677056,327,560,101,1,0,4,1,1,0
6.365146707144534,337,637,108,1,1,2,0,2,0
7.2772545503616595,311,549,101,2,0,1,0,2,0
9.80024786820322,291,758,88,1,0,0,2,1,0
9.802428587750224,313,606,116,2,1,1,1,3,0
8.293751552493145,297,612,89,0,1,2,0,1,0
8.527348848679196,300,753,115,0,0,0,2,0,0
7.793782087913279,302,617,116,2,2,3,1,4,0
7.172843086792258,306,697,107,1,0,0,0,1,0
7.314658181479664,297,550,107,2,1,3,1,3,0
8.690073824308154,310,744,100,1,1,0,1,2,0
9.00949811775072,307,534,103,0,2,2,0,2,0
9.166316174903393,319,568,119,1,0,2,0,1,0
9.158472571178216,307,548,81,2,0,0,0,2,0
6.3648244121947615,335,573,87,2,0,1,1,2,0
7.977681218810326,336,691,106,0,1,2,1,1,0
6.230235040066577,320,760,101,1,0,3,2,1,0
8.198115529294942,327,569,116,1,2,3,1,3,0
7.766122005493508,321,589,106,1,1,4,0,2,0
9.5508167310332,300,759,108,0,1,5,1,1,0
7.403660050208314,334,625,82,1,0,5,2,1,0
6.468268065710424,314,730,92,2,2,5,2,4,0
6.571966728211343,322,794,89,1,1,3,0,2,0
9.04604252686989,327,628,115,0,1,4,0,1,0
8.472872253265045,330,779,88,1,0,5,2,1,0
6.404490704491161,297,599,106,1,0,5,2,1,0
6.33642722445999,300,796,113,2,2,0,2,4,0
8.803876525836479,311,681,80,1,0,0,0,1,0
6.291052025456774,313,673,111,2,2,0,2,4,0
9.287440237161425,330,687,104,2,1,1,2,3,0
8.824968908625985,306,556,108,0,2,5,0,2,0
6.325395122567599,301,530,86,2,2,1,1,4,0
6.339350856340768,335,583,82,2,2,4,1,4,0
9.946558314004701,321,651,99,0,1,3,2,1,1
7.497083183024481,304,535,99,2,0,5,1,2,0
7.482568588267563,305,712,109,0,1,3,1,1,0
9.25119826903001,311,605,114,1,0,0,1,1,0
9.788994309535434,317,719,114,0,2,5,1,2,1
9.944004255291484,309,662,118,2,2,2,2,4,0
9.013512741035766,322,719,106,0,2,1,1,2,0
7.5050383421236635,299,769,105,2,2,1,1,4,0
6.334002866794675,329,619,93,1,2,5,0,3,0
9.108587663709747,321,681,96,0,0,0,2,0,0
8.23361699894322,339,605,97,1,0,1,0,1,0
7.696888036987906,322,716,108,2,2,0,0,4,0
9.625417540378944,291,704,99,2,1,4,2,3,0
6.444789929224605,322,569,106,1,1,3,1,2,0
7.970500417163437,322,543,97,0,2,2,0,2,0
6.045414579069677,330,727,83,0,0,3,2,0,0
7.874642567976505,302,683,80,2,1,3,1,3,0
6.225213102727349,319,606,80,1,1,4,2,2,0
6.475271665072288,322,583,105,1,1,1,0,2,0
6.470104987108419,302,749,99,0,2,2,1,2,0
8.596841208464255,315,520,102,0,1,1,1,1,0
8.984179517061694,311,695,89,0,1,5,2,1,0
8.333475060388638,328,677,90,1,1,3,1,2,0
9.848690193898168,291,506,84,0,1,5,0,1,0
7.499482318094817,327,569,80,0,0,0,0,0,0
7.142848345127443,328,626,96,2,2,3,0,4,0
9.474396512757842,315,659,101,0,2,1,2,2,0
6.89438335407781,335,747,113,0,0,3,1,0,0
9.852890157762445,339,702,108,1,0,0,1,1,0
6.048617898759265,304,647,83,1,2,4,1,3,0
9.879515306830555,323,642,84,2,1,5,0,3,0
6.1726396478023045,331,698,90,0,1,5,1,1,0
9.564572454792284,333,653,100,2,2,1,0,4,0
8.1108044363452,338,641,114,1,1,3,1,2,0
9.971859184477202,329,664,91,2,0,1,0,2,0
6.2951862589415954,300,520,105,1,1,4,1,2,0
8.215417137605282,292,581,98,2,1,3,2,3,0
9.877210142476397,295,568,86,2,1,3,2,3,0
8.092391376680595,298,630,86,0,2,1,0,2,0
8.51759455254105,295,586,105,2,0,1,0,2,0
8.782994755938468,298,717,119,0,1,0,1,1,0
7.818164259071093,328,660,84,0,2,4,1,2,0
8.510232320336254,320,677,100,0,1,0,2,1,0
8.337257247692401,321,616,93,0,0,5,1,0,0
9.604632041963956,330,695,83,2,1,3,0,3,0
6.181785521365832,339,585,102,1,0,1,0,1,0
7.123852758368921,301,788,99,1,1,3,0,2,0
9.801645936306235,297,580,94,1,0,3,0,1,0
9.561055135563665,297,651,108,2,1,2,0,3,0
7.822627011142852,339,560,87,0,0,5,2,0,0
8.480530391206146,317,560,98,1,1,2,2,2,0
7.10952473192453,309,527,118,2,1,3,0,3,0
6.752484638895045,336,542,107,0,2,1,1,2,0
7.854793619759929,296,668,106,1,2,3,0,3,0
7.413408912104211,300,585,83,0,0,5,2,0,0
8.334624447403488,309,676,94,1,1,2,0,2,0
6.310938547859939,305,516,114,1,0,1,2,1,0
9.897579230664666,293,597,116,1,2,3,2,3,0
9.944842977918412,295,697,80,0,0,4,0,0,0
8.792646856078981,311,597,82,2,0,5,0,2,0
8.144385465376482,315,564,103,0,2,5,1,2,0
7.238110465145311,292,504,106,1,1,4,2,2,0
9.255180078827795,330,501,119,0,0,3,1,0,0
8.738924690215518,331,521,115,2,2,5,0,4,0
6.650467757379565,303,611,113,0,1,1,2,1,0
9.64370873797537,300,556,108,2,2,3,1,4,0
9.290148971692677,307,565,103,2,0,3,1,2,0
9.799199653167696,301,597,103,0,1,2,1,1,0
8.90287803355344,312,643,83,1,1,5,0,2,0
8.45366078374316,301,624,82,2,2,5,0,4,0
7.6729721451624755,302,666,113,0,2,4,0,2,0
9.730913933416053,314,585,102,2,2,2,2,4,0
9.464255558001634,334,575,102,1,1,2,0,2,0
6.180874680424758,308,793,84,0,1,5,2,1,0
6.1054678979890085,335,558,110,0,0,3,1,0,0
7.505853467512198,325,637,85,0,1,2,1,1,0
9.24221332312733,334,598,116,1,0,4,0,1,0
9.949104517259778,297,691,89,2,2,2,1,4,0
6.601667564414113,318,742,119,0,2,4,0,2,0
8.37652286140854,321,548,86,2,1,2,2,3,0
7.5235634265240865,333,531,118,2,2,4,1,4,0
9.879657591258413,307,776,117,1,2,2,0,3,0
9.368475692542834,295,519,100,0,1,2,1,1,0
9.353314818844552,307,653,99,2,0,1,1,2,0
7.874772639179881,308,567,82,0,1,4,0,1,0
7.659278009350661,311,713,101,0,0,4,1,0,0
7.093628287722825,326,642,83,1,1,4,1,2,0
6.2255019866037085,321,731,107,0,1,0,1,1,0
9.458889505020213,330,712,91,0,2,2,1,2,0
9.25160403652031,292,578,117,2,1,4,2,3,0
9.998870693144521,317,713,115,1,1,5,1,2,1
9.986547348295622,299,615,84,0,0,0,1,0,0
8.22172682241051,324,591,92,2,2,1,0,4,0
9.075949660722042,318,769,102,1,0,4,2,1,1
9.779062919529713,304,667,109,1,0,4,0,1,0
9.398589562709645,322,557,116,2,2,0,0,4,0
6.98939240697279,296,783,104,2,2,2,0,4,0
7.8021765412403745,301,525,106,2,2,5,2,4,0
6.51663766060598,338,565,93,2,1,1,0,3,0
9.816204109034889,319,747,115,2,2,4,0,4,0
8.42469853780352,310,753,118,0,2,2,0,2,0
6.914571222013851,320,543,95,0,2,5,1,2,0
8.686802737623427,313,596,101,1,0,5,0,1,0
8.472512961831583,309,541,100,0,0,1,2,0,0
7.4326508721313616,326,726,100,0,1,3,2,1,0
6.454230368798516,293,761,87,0,0,5,1,0,0
8.686292782371199,317,666,95,2,1,3,2,3,1
8.081230803615174,333,778,110,1,0,5,2,1,1
9.089273566942557,309,588,89,1,2,1,1,3,0
8.080654004447974,313,677,111,1,0,0,0,1,0
9.408726001274161,339,696,113,1,1,1,1,2,0
8.207627355097943,338,766,88,0,0,1,0,0,0
8.243751886141546,321,767,96,0,2,0,0,2,0
9.50661441063338,330,573,90,2,1,0,2,3,0
7.613931464849588,325,507,111,1,2,2,1,3,0
6.536060913802563,323,796,89,0,2,5,2,2,0
6.115130705253356,325,663,101,0,1,2,2,1,0
9.020549022694476,291,584,96,2,2,0,0,4,0
8.48123820541386,304,571,83,2,2,3,2,4,0
8.816319072396894,323,554,104,2,0,3,1,2,0
6.8518566460356425,325,546,100,0,2,1,2,2,0
6.545485902347079,295,737,116,0,2,4,2,2,0
6.058178662671528,328,603,117,2,2,1,0,4,0
7.402350235226388,331,709,80,1,2,1,1,3,0
8.359670747418532,301,541,104,2,1,4,2,3,0
7.568976180398929,292,767,115,2,0,5,0,2,0
7.749899688094916,334,762,96,2,2,0,2,4,0
9.616634777974994,307,758,103,2,2,3,1,4,0
7.393021868093202,329,782,81,0,1,1,2,1,0
8.055957956639244,310,613,119,1,2,4,2,3,0
9.134612050964572,304,539,94,2,1,2,0,3,0
7.586171129285081,322,719,111,1,0,1,2,1,0
8.488346800911494,324,628,118,1,0,3,0,1,0
9.44945483498698,315,507,85,1,2,0,1,3,0
9.798082494630568,297,600,80,2,2,1,2,4,0
6.588293923716152,325,675,102,0,2,1,1,2,0
9.706350500645978,337,606,118,2,1,5,1,3,0
7.968465172318153,319,600,96,1,2,4,2,3,0
7.032977553195833,312,759,113,1,2,2,0,3,0
7.836543024953045,331,745,108,0,0,2,1,0,0
9.920130301141908,333,774,88,2,2,0,1,4,0
7.970472375971479,303,531,92,1,0,3,2,1,0
7.315006441150032,303,636,85,0,2,0,2,2,0
8.533603417266903,291,511,85,1,0,1,2,1,0
6.960582475112773,326,515,99,0,2,1,2,2,0
6.303453312434655,294,628,82,0,0,2,2,0,0
6.515518887642597,327,562,96,2,1,3,2,3,0
6.512183355831089,334,608,91,1,0,4,0,1,0
6.607610774049178,330,520,80,2,0,3,1,2,0
6.5553086905976405,336,657,96,1,0,1,0,1,0
8.56349897921286,303,768,82,2,2,4,0,4,0
6.727520337596579,328,661,105,1,2,3,2,3,0
7.382669133295453,314,759,94,2,2,3,1,4,0
9.587153639624047,309,601,115,0,1,4,0,1,0
7.895846561051489,291,722,111,1,1,1,2,2,0
8.670230954084108,328,558,111,1,0,3,2,1,0
6.689279484806519,295,746,83,0,1,4,1,1,0
6.769156075234683,306,627,97,2,0,5,0,2,0
6.1634744650659155,314,782,98,1,0,5,0,1,0
6.675740252288659,317,524,114,1,0,1,0,1,0
7.1143613561278345,291,630,119,2,1,4,2,3,0
6.708041937106987,324,695,93,0,2,5,1,2,0
6.354810135028222,326,780,112,2,1,4,1,3,0
6.482543484402403,294,653,93,2,0,3,0,2,0
7.843115072130903,290,632,113,2,0,1,2,2,0
6.82533487362317,329,726,83,1,1,5,0,2,0
7.457079444192302,301,688,103,0,0,3,1,0,0
8.013669083419428,325,764,108,0,0,0,2,0,0
8.761579314517462,334,633,98,2,1,0,0,3,0
6.157248559364396,312,710,85,1,1,1,0,2,0
9.19764159563617,336,559,112,2,1,5,2,3,0
8.511601557963631,320,712,119,1,0,5,1,1,1
6.327036127795488,300,715,98,1,0,5,2,1,0
9.494314496427108,299,725,80,1,2,4,0,3,0
9.683489602127253,292,630,84,1,2,3,0,3,0
6.244311839419455,303,575,106,0,1,5,0,1,0
7.107510592588815,305,785,95,1,2,3,0,3,0
9.224805119172245,299,776,85,1,0,1,1,1,0
8.993038761534633,318,655,119,2,2,5,1,4,1
6.738084077425509,299,747,92,2,0,1,0,2,0
6.837397293346841,301,717,114,0,1,5,1,1,0
7.481888411165528,319,689,98,2,1,0,1,3,0
7.938091940764085,330,662,91,1,0,2,1,1,0
8.473019086121184,290,679,95,2,2,1,0,4,0
7.475654558279089,294,533,89,0,1,5,2,1,0
7.850138864532592,309,540,104,2,1,2,2,3,0
8.989883752535025,297,574,99,2,2,1,2,4,0
6.146732811562392,332,778,110,0,2,4,0,2,0
7.009747777376083,301,675,83,0,0,5,1,0,0
8.85339834353821,290,649,102,1,2,4,1,3,0
9.580827350748798,309,772,81,2,2,0,0,4,0
8.046709768462664,317,607,101,1,2,5,0,3,0
8.128453941061263,332,638,116,2,0,0,2,2,0
6.428688045359104,326,770,87,2,0,2,2,2,0
7.789649467293819,336,788,86,1,1,1,0,2,0
8.130469065820092,326,711,93,2,0,3,2,2,1
6.969882014538919,301,771,82,2,1,0,1,3,0
7.076972923797523,326,565,95,2,2,3,0,4,0
7.509136652418491,338,747,98,0,1,3,0,1,0
6.0802847911109055,338,655,97,1,1,1,1,2,0
7.288316662332713,333,546,95,0,2,2,1,2,0
6.845792027986178,317,700,87,1,1,1,1,2,0
7.309989408711658,336,647,112,1,0,5,2,1,0
6.479048527277005,304,623,91,2,0,0,0,2,0
9.56210912295958,295,500,90,1,0,3,2,1,0
8.374369814216195,333,746,84,0,0,1,1,0,0
8.71640927657796,309,627,106,0,1,1,2,1,0
9.156684954429354,339,690,91,0,1,1,1,1,0
7.993768795716229,303,566,96,1,2,0,2,3,0
6.347681152349695,291,503,85,0,1,2,2,1,0
8.148426167274192,298,793,112,1,1,1,1,2,0
8.347364472083516,326,642,84,0,1,0,2,1,0
8.98175789673732,309,690,107,0,2,3,0,2,0
7.726638184918718,315,520,93,1,0,5,2,1,0
6.510321211182255,318,726,84,0,1,4,2,1,0
7.135103623194897,290,616,112,2,2,0,0,4,0
7.45232918559454,324,641,98,1,2,4,1,3,0
8.583668965326405,295,538,101,1,2,1,0,3,0
8.283113218675648,326,751,84,1,0,1,2,1,0
7.424386903591385,294,706,81,2,1,0,1,3,0
9.94606099517192,322,709,109,1,2,4,2,3,1
8.423099277427548,338,614,118,0,0,1,2,0,0
6.948907166943978,303,724,83,0,2,3,0,2,0
6.407129890481615,301,633,112,0,2,2,0,2,0
6.611436556737328,331,750,92,1,2,2,1,3,0
6.983830913538032,309,718,99,0,2,1,1,2,0
6.642725493038222,339,590,86,1,2,4,1,3,0
6.746268096205223,313,545,94,0,0,5,2,0,0
7.140380674775388,332,537,102,2,1,1,0,3,0
6.693494381179019,323,641,93,2,1,5,0,3,0
9.5870616985057,314,599,102,2,1,5,0,3,0
6.320934982646569,339,689,98,2,1,4,1,3,0
8.098045558281019,318,534,108,1,0,5,0,1,0
7.6415873079586465,328,646,99,0,0,3,0,0,0
9.929514467634426,320,529,108,2,0,4,0,2,0
6.448155608672209,336,583,103,1,2,1,1,3,0
7.591422396182967,332,780,97,2,2,3,0,4,0
9.877881733101475,339,769,89,2,2,0,1,4,0
9.46202850357592,312,653,87,1,1,2,0,2,0
9.26828828379712,333,601,105,1,2,1,0,3,0
7.031611308179759,327,714,108,0,1,1,0,1,0
6.683550349560264,309,649,89,0,2,1,1,2,0
8.674572879697724,312,582,96,2,1,3,1,3,0
9.717503956510344,334,609,81,2,2,0,0,4,0
8.22705157205572,305,774,85,0,2,4,2,2,0
8.2864507578796,339,700,84,0,0,0,1,0,0
7.119916374641137,331,783,107,1,2,3,1,3,0
9.077971732767747,297,672,84,0,2,1,0,2,0
6.7481749942300935,339,705,97,0,0,2,2,0,0
7.294716945616974,310,562,105,2,1,1,0,3,0
7.701745754465668,290,572,99,0,0,4,1,0,0
8.03044151473782,297,750,106,2,0,5,1,2,0
6.969638929660321,318,623,91,0,1,2,0,1,0
6.459347298956814,321,620,86,1,2,1,0,3,0
8.44248016976653,327,774,82,0,1,2,2,1,0
7.154522212961023,294,619,89,0,2,5,2,2,0
8.324952885690449,336,663,113,0,2,0,1,2,0
6.61745086109681,311,785,104,2,1,3,2,3,0
7.9245604074192695,336,764,114,1,0,1,2,1,0
8.130357730206343,323,660,95,0,1,4,1,1,1
6.207294147289708,290,588,81,2,2,0,1,4,0
7.346417112775683,315,641,103,1,1,1,1,2,0
6.537658707755897,332,702,89,2,1,0,1,3,0
6.253499881891071,299,726,117,2,2,4,0,4,0
9.959840929559782,319,721,101,1,0,1,1,1,0
7.289415379898892,339,540,105,0,1,5,1,1,0
9.239497783418539,307,695,118,2,2,5,1,4,0
7.018562619055055,306,567,106,2,2,4,2,4,0
8.726010888895717,315,763,108,0,1,2,1,1,0
9.040911439558746,297,501,117,0,0,4,0,0,0
8.382554962431378,336,624,99,1,1,2,0,2,0
7.8863047542006335,329,609,106,1,0,1,1,1,0
7.647363656589074,338,585,99,1,0,2,0,1,0
7.395473066171981,301,619,98,0,0,1,2,0,0
9.718116576991303,316,626,99,2,0,1,1,2,0
9.322477631150917,297,754,114,2,1,3,0,3,0
9.860107642666051,314,682,81,1,2,1,0,3,0
6.4971888939421785,335,515,109,0,2,2,1,2,0
8.923469900814577,293,561,113,2,2,3,0,4,0
9.753361827284152,322,657,101,1,2,3,1,3,1
6.724932264662641,290,767,82,2,2,1,0,4,0
6.26598506946711,308,534,85,2,2,4,2,4,0
8.964482597160236,320,766,94,0,1,4,0,1,0
8.297892452719648,305,563,106,0,0,5,0,0,0
9.367315107033088,303,549,89,2,2,3,1,4,0
6.559089506505158,337,754,88,1,1,1,0,2,0
9.181069247439561,294,648,112,0,2,4,1,2,0
6.806509280190978,330,775,111,2,2,1,2,4,0
6.654623771462818,315,671,85,0,0,1,1,0,0
6.657063191723972,317,700,115,0,0,3,1,0,0
9.258298880925528,291,534,81,0,0,5,0,0,0
8.6607888827848,339,715,108,2,2,3,2,4,1
8.092261699076477,295,564,83,1,2,0,1,3,0
7.4353219364940095,298,507,80,1,2,4,0,3,0
9.508802163252433,322,575,98,1,0,4,0,1,0
7.5697804296905415,330,673,105,0,1,4,1,1,1
9.266397757886308,314,546,104,2,2,2,0,4,0
7.756539634280873,337,514,89,0,2,1,1,2,0
7.50777771769963,302,646,94,1,2,3,1,3,0
7.850719142678425,298,525,101,1,1,4,1,2,0
7.205511496656568,302,592,100,2,2,0,2,4,0
8.990437520705004,320,731,101,0,1,4,1,1,1
8.010881560369917,330,520,115,1,2,5,0,3,0
6.928850780587269,300,537,113,2,1,1,2,3,0
9.598298293098274,293,775,109,0,2,1,0,2,0
7.535564885492846,323,656,104,0,0,3,2,0,0
8.174211444455954,327,678,107,1,0,2,2,1,0
9.625888443858187,335,631,80,1,0,3,2,1,0
8.496951983655968,293,527,83,0,0,4,2,0,0
6.467592162833457,327,759,86,0,2,5,0,2,0
9.7593284944539,308,575,88,1,0,0,1,1,0
8.51083221228567,295,566,115,0,1,3,0,1,0
7.3396224586283445,323,693,98,1,0,2,1,1,0
6.5570882906535495,307,661,80,0,0,3,0,0,0
9.176100757081183,302,756,89,1,0,1,2,1,0
8.480291023714054,330,571,115,2,2,4,2,4,0
8.133844367905287,312,586,88,1,0,4,1,1,0
9.575570332203831,308,761,111,1,1,4,1,2,0
9.154388844898122,334,713,111,2,0,4,0,2,0
6.606699518931005,300,652,85,0,0,4,1,0,0
7.246888271182193,290,709,117,2,0,4,0,2,0
6.993956559257863,313,560,96,1,1,0,1,2,0
8.975785170290708,296,767,89,0,0,2,1,0,0
6.134129738943118,314,761,106,2,1,4,1,3,0
8.279558739485266,310,717,114,0,1,2,2,1,0
9.049834742962762,304,782,100,0,0,5,2,0,0
9.507062547046997,290,635,104,2,1,4,0,3,0
7.368326994863629,301,592,107,0,2,3,1,2,0
9.285029218688052,296,608,94,2,0,4,0,2,0
6.442526947820829,304,740,83,1,0,1,1,1,0
9.385809166938072,310,641,108,0,1,0,2,1,0
6.50995464932793,308,790,88,1,1,3,2,2,0
7.589149162241469,318,736,106,1,0,3,1,1,1
9.189181463118214,314,676,105,0,2,1,1,2,0
6.599669709395095,322,640,98,2,1,4,2,3,0
6.9170055809305655,338,688,107,0,1,0,2,1,0
8.889010273572264,321,548,96,1,2,3,0,3,0
8.880146146184298,338,689,99,1,2,0,2,3,0
8.564590531541189,324,635,119,2,0,3,1,2,0
8.775793777868401,333,542,118,0,2,4,0,2,0
8.170897773390385,327,589,102,1,0,5,1,1,0
7.007196235627811,315,794,111,1,2,3,0,3,0
7.382783974015678,300,744,112,1,1,5,1,2,0
6.726390867205703,324,691,84,2,0,3,2,2,0
9.633802245334513,297,605,113,1,0,2,1,1,0
8.333567179064481,335,732,119,1,0,4,0,1,0
7.60340566705456,303,764,90,0,2,1,1,2,0
7.84802321457653,299,536,82,0,1,5,0,1,0
9.78913335844726,291,540,112,1,0,1,1,1,0
6.613405612464321,335,516,90,1,0,4,2,1,0
8.344919328067189,298,776,95,0,0,1,2,0,0
8.023554715537864,292,558,97,2,0,4,1,2,0
8.445816941738592,310,682,109,2,1,1,1,3,0
6.072440735283362,315,540,89,2,2,5,1,4,0
9.488495635776605,297,538,97,2,1,2,0,3,0
9.72847312993445,337,691,117,2,0,1,1,2,0
8.260532734356836,291,766,98,2,1,5,1,3,0
8.786603295507568,295,646,115,2,0,3,0,2,0
9.689997524709183,317,626,92,2,2,4,2,4,0
8.828954537253594,318,545,82,0,2,0,1,2,0
6.610156171657046,315,544,89,2,2,0,1,4,0
8.305153440667253,314,500,117,2,0,4,2,2,0
8.426860185531424,301,667,80,2,1,2,2,3,0
7.696522685209544,294,607,106,1,2,1,0,3,0
8.945776942498892,323,518,87,0,0,2,1,0,0
9.73746805907606,337,571,96,0,0,0,1,0,0
9.702274051627105,326,608,88,0,1,5,0,1,0
7.803357485616528,304,767,85,2,2,4,2,4,0
6.452952183363021,333,739,104,2,0,4,0,2,0
9.939364795849338,325,589,118,1,1,2,2,2,0
9.355592345783737,304,602,107,0,2,5,0,2,0
6.498650724813068,332,749,112,2,1,2,2,3,0
9.68336753046949,337,507,116,0,1,1,0,1,0
9.479585448248514,312,652,88,1,0,3,2,1,0
8.075352228504288,295,673,97,1,0,5,2,1,0
8.365101742979718,335,657,100,1,0,3,2,1,1
7.596010815480521,339,714,81,0,1,1,2,1,0
6.219046555288125,333,676,117,2,0,3,2,2,0
7.340788966583604,332,674,119,2,1,0,1,3,0
9.211413794392046,334,645,115,1,1,3,2,2,0
6.018528092018411,310,660,116,2,0,1,1,2,0
7.333996686764577,312,626,94,1,2,3,2,3,0
7.592674774363774,332,581,107,0,2,4,1,2,0
8.149582411751691,305,646,97,1,2,2,1,3,0
9.679422465651042,336,738,113,0,1,0,0,1,0
7.385383977463845,304,583,101,1,1,4,2,2,0
7.387812807584911,314,612,90,2,1,4,0,3,0
8.950004992438993,325,724,92,2,0,1,0,2,0
7.808871763559228,300,742,83,1,1,2,2,2,0
6.898419291759928,304,642,101,2,0,2,0,2,0
7.809758064530774,293,540,86,2,0,5,2,2,0
6.563428081519199,310,757,103,2,2,0,0,4,0
6.705547946024893,302,784,83,0,2,1,2,2,0
7.993471090957919,311,604,107,2,2,0,2,4,0
7.675701798018192,308,701,94,0,0,5,2,0,0
9.6593836042724,323,765,80,1,0,3,1,1,0
7.4495755964665324,303,709,82,2,0,4,0,2,0
8.322353401112174,293,550,93,2,1,0,1,3,0
8.52905715167812,337,617,117,2,0,4,0,2,0
6.052377826353334,335,700,80,1,2,1,0,3,0
8.654149488066842,316,538,117,0,2,3,0,2,0
6.712143867479005,318,527,117,0,0,1,1,0,0
9.84428126987782,336,758,100,2,0,3,0,2,0
6.594650911012452,317,583,108,1,2,3,1,3,0
7.6584964949080945,324,654,84,1,0,4,2,1,0
6.341398672314575,297,616,89,1,2,1,0,3,0
9.987497007383789,305,501,107,1,1,1,0,2,0
8.00878004132497,331,592,100,1,2,0,2,3,0
8.381540069280176,325,665,86,0,1,1,2,1,0
6.26830590955371,319,795,82,0,0,0,0,0,0
8.999841881596712,307,757,99,0,0,2,2,0,0
6.839622372382343,291,580,98,2,1,2,1,3,0
9.592217157762855,338,767,114,1,0,2,1,1,0
6.820558561928029,302,734,83,2,1,5,0,3,0
6.762750882654666,293,712,84,1,0,1,1,1,0
6.14619867139238,315,561,80,0,2,5,1,2,0
7.888267780439997,314,548,83,2,0,1,0,2,0
8.259364533050466,319,626,91,0,2,0,2,2,0
6.2628345577134095,300,722,106,1,2,5,0,3,0
9.102110466780042,296,778,102,1,1,5,1,2,0
7.813155338992111,320,793,104,1,0,5,0,1,0
8.09756107731032,333,783,100,0,1,3,0,1,0
7.763050987752912,299,776,103,1,0,0,1,1,0
7.603052243501304,328,606,104,0,2,2,1,2,0
8.238561325232872,302,645,111,2,2,0,0,4,0
6.62096098372285,320,598,111,1,0,3,1,1,0
6.7277125219810845,296,572,84,1,0,1,1,1,0
9.44714248405407,338,621,115,1,1,0,1,2,0
9.78446184853453,331,529,118,2,0,5,1,2,0
7.493237265119012,331,687,95,1,0,2,1,1,0
7.0829786925742155,325,787,112,0,0,2,1,0,0
8.575998172956062,309,694,100,0,1,1,2,1,0
7.634936684392386,293,655,88,1,0,0,0,1,0
6.1015454226413794,296,671,85,1,2,3,1,3,0
6.624610389464761,290,540,114,2,1,1,0,3,0
8.863888915389591,333,562,118,2,1,0,2,3,0
8.635695767640605,334,522,101,2,2,4,1,4,0
6.108383970013934,331,574,84,1,2,2,0,3,0
6.887888647731797,336,547,102,2,2,3,1,4,0
6.924299186352286,302,659,96,2,0,5,1,2,0
8.687570974394914,311,617,91,0,2,3,1,2,0
6.078842151017456,310,599,102,2,0,5,1,2,0
6.416434327938296,311,666,95,0,1,3,1,1,0
9.199664341492758,317,789,82,0,1,2,1,1,0
6.7141786482173345,298,655,109,2,2,5,1,4,0
8.610984431407498,315,506,101,0,0,0,2,0,0
6.952731124186906,298,695,88,1,2,5,2,3,0
6.397765571037381,304,555,108,1,2,1,1,3,0
6.972688763997816,299,692,116,2,0,0,1,2,0
8.889067727422637,313,546,102,1,2,1,2,3,0
9.422785872425143,331,647,92,0,1,3,2,1,0
9.320879458267967,297,774,111,1,2,0,2,3,0
7.58873411847382,313,656,102,2,0,3,1,2,1
8.672340546282584,305,701,96,2,0,4,0,2,0
6.819937181663284,338,625,119,0,1,3,0,1,0
7.172590921044053,315,793,100,2,0,3,0,2,0
9.58534327408448,316,563,81,1,0,1,0,1,0
6.052007694042944,326,675,116,2,1,5,1,3,0
6.342034123417872,293,615,85,0,2,4,0,2,0
6.831545020584109,339,703,97,2,1,3,2,3,0
6.106128815495278,313,530,109,1,2,3,2,3,0
6.725741740359189,308,612,101,0,1,4,0,1,0
8.332166243878769,325,566,112,1,2,4,2,3,0
7.685698202369991,328,574,109,0,1,0,1,1,0
9.5706868443079,299,544,96,2,2,1,0,4,0
9.269774246953764,314,759,111,0,1,4,0,1,0
7.367269406791504,307,653,93,0,2,4,1,2,0
7.03769373372517,308,654,89,2,1,2,2,3,0
7.518769632669068,325,733,115,1,0,5,1,1,1
8.36117977005923,299,550,113,2,2,4,1,4,0
7.072254563291505,322,761,88,0,1,1,2,1,0
8.496595631396536,339,624,107,2,2,5,1,4,0
7.637646608764962,294,744,90,0,2,5,2,2,0
8.208188723407922,336,529,93,2,1,3,2,3,0
7.744506116541267,338,621,118,2,2,3,1,4,0
7.17786303816767,324,624,98,1,1,3,2,2,0
9.793813227848627,333,536,94,0,0,3,1,0,0
9.054423176639043,323,669,107,1,2,2,2,3,0
6.56045270306581,322,623,103,0,0,4,0,0,0
9.47387190359165,310,534,87,2,2,3,2,4,0
7.949724792998055,306,586,88,0,2,0,2,2,0
9.578208907576366,311,633,112,1,2,3,1,3,0
9.199421023789261,337,695,112,1,1,4,2,2,1
7.700854017876933,326,773,98,1,0,3,0,1,0
6.08987723328047,304,700,82,0,2,2,0,2,0
7.074709437539784,324,784,89,1,1,1,2,2,0
8.166536858643468,317,576,119,1,2,1,2,3,0
8.533912879304589,296,558,80,1,1,4,0,2,0
7.03155074173281,321,625,108,2,2,1,1,4,0
6.5574242962912965,300,608,113,2,0,1,0,2,0
9.339720947197197,299,723,92,0,0,0,0,0,0
9.937608722814208,298,777,80,0,2,4,2,2,0
8.102760729210743,303,567,113,1,1,4,2,2,0
6.6867171433932135,302,568,108,2,2,1,0,4,0
7.089229306077476,314,664,92,1,1,1,1,2,0
6.0735627061898665,291,661,108,1,2,1,0,3,0
9.657195226241996,324,541,118,2,1,5,0,3,0
6.4710043315605645,296,608,103,2,0,2,1,2,0
8.306065902057014,310,550,105,2,2,3,0,4,0
7.096220882748824,307,749,96,0,0,2,0,0,0
8.216712010063173,292,520,86,0,0,4,2,0,0
8.605681553407457,331,799,92,1,2,0,1,3,0
9.318967214828806,328,638,84,0,2,3,2,2,0
6.825685087042412,330,591,105,2,1,0,2,3,0
6.0439833146339215,338,779,82,2,1,5,1,3,0
6.547542520275229,300,624,86,0,0,4,1,0,0
9.60007456739242,328,610,118,1,1,5,0,2,0
9.495560310250061,313,638,80,1,1,4,2,2,0
8.389652408681233,335,772,96,0,2,0,1,2,0
8.402067441734614,308,598,104,1,1,0,2,2,0
8.660146698185022,293,751,82,1,0,0,2,1,0
6.701485114493798,315,603,94,1,1,4,1,2,0
9.65764778369984,327,713,108,2,0,1,0,2,0
7.675082099568293,331,748,111,2,2,0,2,4,0
7.53255411299799,321,651,105,0,0,5,1,0,0
8.07567082113135,328,749,95,2,1,3,0,3,0
6.18786386710022,334,774,104,1,2,4,2,3,0
6.665133475024318,335,664,107,2,1,5,1,3,0
8.952134465705482,325,507,88,0,2,2,2,2,0
6.331194671700506,329,783,80,2,2,2,1,4,0
8.412608437865552,326,504,108,1,1,3,1,2,0
6.981396438725284,322,644,101,1,1,1,2,2,0
7.557182456167906,325,600,95,0,2,0,2,2,0
7.1547749470827995,292,663,86,2,2,4,1,4,0
7.4226908658597965,298,646,93,2,1,5,0,3,0
8.876183620736981,297,563,108,2,0,0,2,2,0
7.1884868624927005,322,590,98,1,1,5,1,2,0
8.265618561187589,295,616,98,0,2,4,1,2,0
7.904201608796399,330,766,81,2,1,2,0,3,0
8.654684661450592,328,672,94,1,0,0,0,1,0
9.747318957299033,293,546,82,1,1,3,0,2,0
8.930288388841001,302,639,90,1,2,1,2,3,0
6.8597615143630275,338,745,109,2,1,3,1,3,0
6.124732540245139,291,648,119,2,2,1,1,4,0
7.049056177199301,294,745,97,2,2,5,1,4,0
8.38031172280102,333,504,81,2,1,0,0,3,0
6.205703253937001,316,683,111,2,2,0,1,4,0
7.985464988804946,321,519,87,2,2,1,2,4,0
8.387371395667557,310,545,101,2,0,2,0,2,0
7.336975563267844,297,511,85,2,0,4,0,2,0
9.083648814983288,327,569,91,2,0,3,0,2,0
6.426393012535087,297,516,119,1,0,5,0,1,0
6.300551126943235,339,646,115,2,2,3,2,4,0
8.912755024814413,292,653,94,0,1,3,1,1,0
7.981965264824794,333,607,107,1,2,5,2,3,0
8.753609585710944,292,735,97,2,2,5,1,4,0
7.739309354414985,311,569,81,0,2,0,2,2,0
6.985608132956427,295,682,92,2,1,3,0,3,0
9.2764092706968,291,749,94,0,0,4,0,0,0
9.197663515875917,312,727,99,0,2,4,2,2,1
8.778785883417708,333,601,108,0,2,1,2,2,0
7.08858054891985,291,574,108,0,0,5,1,0,0
8.360922667476348,327,715,82,1,2,0,2,3,0
7.443895587760107,306,702,98,1,1,4,2,2,0
6.366328293306537,324,691,82,0,2,2,1,2,0
9.669254301848971,323,748,93,2,2,0,1,4,0
6.547274523675846,312,741,119,0,0,0,1,0,0
9.80094941528321,319,678,83,1,2,4,2,3,0
7.784023091831823,297,718,90,2,2,2,1,4,0
